{
    "version": "0.4",
    "title": "Blog",
    "type": "section",
    "metadata": {
        "template_type": "archive-blog",
        "include_in_zip": "1",
        "elementor_pro_required": null,
        "wp_page_template": "elementor_header_footer"
    },
    "content": [
        {
            "id": "39d6da22",
            "settings": {
                "background_background": "classic",
                "background_image": {
                    "url": "https:\/\/templatekit.jegtheme.com\/evenizer\/wp-content\/uploads\/sites\/146\/2021\/08\/party-young-people-group-dancing-in-night-club.jpg",
                    "id": 1916
                },
                "background_position": "center center",
                "background_attachment": "scroll",
                "background_repeat": "no-repeat",
                "background_size": "cover",
                "background_overlay_background": "classic",
                "padding": {
                    "unit": "px",
                    "top": "250",
                    "right": "0",
                    "bottom": "150",
                    "left": "0",
                    "isLinked": false
                },
                "__globals__": {
                    "background_overlay_color": "globals\/colors?id=8aab09d"
                },
                "background_ypos": {
                    "unit": "px",
                    "size": -643,
                    "sizes": []
                },
                "background_overlay_opacity": {
                    "unit": "px",
                    "size": 0.6,
                    "sizes": []
                }
            },
            "elements": [
                {
                    "id": "7025b3b2",
                    "settings": {
                        "_column_size": 100,
                        "_inline_size": null
                    },
                    "elements": [
                        {
                            "id": "48eac87",
                            "settings": {
                                "title": "BLOG",
                                "align": "center",
                                "__globals__": {
                                    "title_color": "globals\/colors?id=4fa9897"
                                }
                            },
                            "elements": [],
                            "isInner": false,
                            "widgetType": "heading",
                            "elType": "widget"
                        },
                        {
                            "id": "70afa16a",
                            "settings": {
                                "view": "inline",
                                "icon_list": [
                                    {
                                        "text": "Home",
                                        "selected_icon": {
                                            "value": "",
                                            "library": ""
                                        },
                                        "_id": "0abeef8"
                                    },
                                    {
                                        "text": "Our Blog",
                                        "selected_icon": {
                                            "value": "fas fa-chevron-right",
                                            "library": "fa-solid"
                                        },
                                        "_id": "f6bf668"
                                    }
                                ],
                                "icon_align": "center",
                                "__globals__": {
                                    "text_color": "globals\/colors?id=4fa9897",
                                    "icon_typography_typography": "globals\/typography?id=text",
                                    "icon_color": "globals\/colors?id=primary"
                                },
                                "space_between": {
                                    "unit": "px",
                                    "size": 10,
                                    "sizes": []
                                },
                                "_animation": "fadeIn",
                                "_animation_delay": "200",
                                "text_indent": {
                                    "unit": "px",
                                    "size": 8,
                                    "sizes": []
                                }
                            },
                            "elements": [],
                            "isInner": false,
                            "widgetType": "icon-list",
                            "elType": "widget"
                        }
                    ],
                    "isInner": false,
                    "elType": "column"
                }
            ],
            "isInner": false,
            "elType": "section"
        },
        {
            "id": "48edd780",
            "settings": {
                "content_width": {
                    "unit": "px",
                    "size": 1140,
                    "sizes": []
                },
                "padding": {
                    "unit": "px",
                    "top": "100",
                    "right": "0",
                    "bottom": "100",
                    "left": "0",
                    "isLinked": false
                },
                "padding_mobile": {
                    "unit": "px",
                    "top": "50",
                    "right": "10",
                    "bottom": "50",
                    "left": "10",
                    "isLinked": false
                }
            },
            "elements": [
                {
                    "id": "335e0b79",
                    "settings": {
                        "_column_size": 100,
                        "_inline_size": null
                    },
                    "elements": [
                        {
                            "id": "dd5410",
                            "settings": {
                                "sg_content_postblock_type": "type-3",
                                "sg_content_image_size_imagesize_size": "large",
                                "sg_content_excerpt_more": "...",
                                "sg_content_readmore_text": "Read More",
                                "sg_content_comment_enable": "",
                                "sg_content_meta_author_by_text": "by",
                                "sg_content_meta_date_format_custom": "F j, Y",
                                "pagination_loadmore_text": "Load More",
                                "pagination_loading_text": "Loading...",
                                "st_post_item_background_background_color": "#FFFFFF",
                                "st_post_item_boxshadow_box_shadow_box_shadow": {
                                    "horizontal": "0",
                                    "vertical": "0",
                                    "blur": "30",
                                    "spread": "0",
                                    "color": "rgba(0, 0, 0, 0.1)"
                                },
                                "st_thumbnail_container_height_responsive": {
                                    "unit": "px",
                                    "size": "400",
                                    "sizes": []
                                },
                                "st_content_padding_responsive": {
                                    "unit": "px",
                                    "top": "30",
                                    "right": "0",
                                    "bottom": "30",
                                    "left": "0",
                                    "isLinked": ""
                                },
                                "st_readmore_padding_responsive": {
                                    "unit": "px",
                                    "top": "0",
                                    "right": "0",
                                    "bottom": "0",
                                    "left": "0",
                                    "isLinked": ""
                                },
                                "st_readmore_margin_responsive": {
                                    "unit": "px",
                                    "top": "0",
                                    "right": "0",
                                    "bottom": "0",
                                    "left": "0",
                                    "isLinked": ""
                                },
                                "st_readmore_icon_spacing_responsive": {
                                    "unit": "px",
                                    "size": "10",
                                    "sizes": []
                                },
                                "st_readmore_normal_background_background_background": "classic",
                                "st_nocontent_text": "No Content Available",
                                "__globals__": {
                                    "st_post_item_background_background_color": "",
                                    "st_category_typography_content_typography_typography": "globals\/typography?id=48225ee",
                                    "st_category_color_responsive": "globals\/colors?id=4fa9897",
                                    "st_title_normal_typography_content_typography_typography": "globals\/typography?id=accent",
                                    "st_title_normal_color_responsive": "globals\/colors?id=8aab09d",
                                    "st_excerpt_typography_content_typography_typography": "globals\/typography?id=text",
                                    "st_excerpt_color_responsive": "globals\/colors?id=text",
                                    "st_readmore_typography_content_typography_typography": "globals\/typography?id=48225ee",
                                    "st_readmore_normal_background_background_color": "",
                                    "st_readmore_normal_color_responsive": "globals\/colors?id=primary",
                                    "st_readmore_hover_color_responsive": "globals\/colors?id=5a05d5d",
                                    "st_category_background_background_color": "globals\/colors?id=primary",
                                    "st_category_background_background_color_b": "globals\/colors?id=secondary",
                                    "st_thumbnail_container_background_background_color": "",
                                    "st_title_hover_color_responsive": "globals\/colors?id=primary",
                                    "st_title_hover_typography_content_typography_typography": "",
                                    "st_readmore_hover_background_background_color": "",
                                    "st_meta_typography_content_typography_typography": "globals\/typography?id=48225ee",
                                    "st_pagination_typography_content_typography_typography": "globals\/typography?id=8b7a754",
                                    "st_pagination_normal_background_background_color_b": "globals\/colors?id=secondary",
                                    "st_pagination_normal_background_background_color": "globals\/colors?id=primary",
                                    "st_pagination_normal_color_responsive": "globals\/colors?id=4fa9897",
                                    "st_pagination_hover_background_background_color_b": "globals\/colors?id=primary",
                                    "st_pagination_hover_background_background_color": "globals\/colors?id=primary"
                                },
                                "st_readmore_normal_background_background_color": "#FFFFFF00",
                                "sg_content_readmore_icon": {
                                    "value": "jki jki-arrow-right-solid",
                                    "library": "jkiticon"
                                },
                                "st_readmore_icon_size_responsive": {
                                    "unit": "px",
                                    "size": "16",
                                    "sizes": []
                                },
                                "_animation": "fadeInUp",
                                "st_readmore_hover_color_responsive": "#BB00E0",
                                "st_post_item_gap_responsive": {
                                    "unit": "px",
                                    "size": "30",
                                    "sizes": []
                                },
                                "_margin_tablet": {
                                    "unit": "px",
                                    "top": "0",
                                    "right": "0",
                                    "bottom": "0",
                                    "left": "0",
                                    "isLinked": ""
                                },
                                "_padding_tablet": {
                                    "unit": "px",
                                    "top": "0",
                                    "right": "0",
                                    "bottom": "0",
                                    "left": "0",
                                    "isLinked": ""
                                },
                                "_margin_mobile": {
                                    "unit": "px",
                                    "top": "0",
                                    "right": "0",
                                    "bottom": "0",
                                    "left": "0",
                                    "isLinked": ""
                                },
                                "_padding_mobile": {
                                    "unit": "px",
                                    "top": "0",
                                    "right": "0",
                                    "bottom": "0",
                                    "left": "0",
                                    "isLinked": ""
                                },
                                "st_post_item_border_radius_responsive": {
                                    "unit": "px",
                                    "top": "5",
                                    "right": "5",
                                    "bottom": "5",
                                    "left": "5",
                                    "isLinked": "1"
                                },
                                "st_thumbnail_border_radius_responsive": {
                                    "unit": "px",
                                    "top": "5",
                                    "right": "5",
                                    "bottom": "5",
                                    "left": "5",
                                    "isLinked": "1"
                                },
                                "st_category_position": "left",
                                "st_category_background_background_background": "gradient",
                                "st_category_background_background_color_stop": {
                                    "unit": "%",
                                    "size": "20",
                                    "sizes": []
                                },
                                "st_category_background_background_color_b_stop": {
                                    "unit": "%",
                                    "size": "70",
                                    "sizes": []
                                },
                                "st_category_background_background_gradient_angle": {
                                    "unit": "deg",
                                    "size": "200",
                                    "sizes": []
                                },
                                "st_category_padding_responsive": {
                                    "unit": "px",
                                    "top": "10",
                                    "right": "15",
                                    "bottom": "10",
                                    "left": "15",
                                    "isLinked": ""
                                },
                                "st_category_border_radius_responsive": {
                                    "unit": "px",
                                    "top": "0",
                                    "right": "6",
                                    "bottom": "0",
                                    "left": "6",
                                    "isLinked": false
                                },
                                "st_title_margin_responsive": {
                                    "unit": "px",
                                    "top": "-20",
                                    "right": "0",
                                    "bottom": "10",
                                    "left": "0",
                                    "isLinked": ""
                                },
                                "sg_content_column_responsive": {
                                    "unit": "px",
                                    "size": "3",
                                    "sizes": []
                                },
                                "sg_content_meta_author_enable": "",
                                "sg_content_meta_date_icon": {
                                    "value": "",
                                    "library": ""
                                },
                                "st_thumbnail_container_border_radius_responsive": {
                                    "unit": "px",
                                    "top": "6",
                                    "right": "6",
                                    "bottom": "6",
                                    "left": "6",
                                    "isLinked": true
                                },
                                "st_category_color_responsive": "#FFFFFF",
                                "st_category_background_background_color": "#DA22FF",
                                "st_category_background_background_color_b": "#9733EE",
                                "st_title_normal_color_responsive": "#000000",
                                "st_title_hover_typography_content_typography_font_family": "Inter",
                                "st_title_hover_typography_content_typography_font_size": {
                                    "unit": "px",
                                    "size": 28,
                                    "sizes": []
                                },
                                "st_title_hover_typography_content_typography_font_weight": "500",
                                "st_title_hover_typography_content_typography_line_height": {
                                    "unit": "em",
                                    "size": 1.3,
                                    "sizes": []
                                },
                                "st_title_hover_color_responsive": "#DA22FF",
                                "st_excerpt_color_responsive": "#8D8D8D",
                                "st_readmore_normal_color_responsive": "#DA22FF",
                                "_animation_delay": 200,
                                "number_post": {
                                    "unit": "px",
                                    "size": 6,
                                    "sizes": []
                                },
                                "pagination_mode": "loadmore",
                                "st_pagination_padding_responsive": {
                                    "unit": "px",
                                    "top": "15",
                                    "right": "35",
                                    "bottom": "15",
                                    "left": "35",
                                    "isLinked": false
                                },
                                "st_pagination_width_responsive": {
                                    "unit": "%",
                                    "size": "",
                                    "sizes": []
                                },
                                "st_pagination_normal_background_background_background": "gradient",
                                "st_pagination_normal_background_background_gradient_angle": {
                                    "unit": "deg",
                                    "size": 220,
                                    "sizes": []
                                },
                                "st_pagination_normal_border_radius_responsive": {
                                    "unit": "px",
                                    "top": "6",
                                    "right": "6",
                                    "bottom": "6",
                                    "left": "6",
                                    "isLinked": true
                                },
                                "st_pagination_hover_background_background_background": "gradient",
                                "st_category_typography_content_typography_typography": "custom",
                                "st_category_typography_content_typography_font_family": "Heebo",
                                "st_category_typography_content_typography_font_size": {
                                    "unit": "px",
                                    "size": 13,
                                    "sizes": []
                                },
                                "st_category_typography_content_typography_font_weight": "400",
                                "st_category_typography_content_typography_line_height": {
                                    "unit": "em",
                                    "size": 1.4,
                                    "sizes": []
                                },
                                "st_title_normal_typography_content_typography_typography": "custom",
                                "st_title_normal_typography_content_typography_font_family": "Inter",
                                "st_title_normal_typography_content_typography_font_size": {
                                    "unit": "px",
                                    "size": 20,
                                    "sizes": []
                                },
                                "st_title_normal_typography_content_typography_font_size_tablet": {
                                    "unit": "px",
                                    "size": 18,
                                    "sizes": []
                                },
                                "st_title_normal_typography_content_typography_font_size_mobile": {
                                    "unit": "px",
                                    "size": 18,
                                    "sizes": []
                                },
                                "st_title_normal_typography_content_typography_font_weight": "600",
                                "st_title_normal_typography_content_typography_line_height": {
                                    "unit": "em",
                                    "size": 1.3,
                                    "sizes": []
                                },
                                "st_excerpt_typography_content_typography_typography": "custom",
                                "st_excerpt_typography_content_typography_font_family": "Heebo",
                                "st_excerpt_typography_content_typography_font_size": {
                                    "unit": "px",
                                    "size": 16,
                                    "sizes": []
                                },
                                "st_excerpt_typography_content_typography_font_size_mobile": {
                                    "unit": "px",
                                    "size": 14,
                                    "sizes": []
                                },
                                "st_excerpt_typography_content_typography_font_weight": "400",
                                "st_excerpt_typography_content_typography_line_height": {
                                    "unit": "em",
                                    "size": 1.5,
                                    "sizes": []
                                },
                                "st_readmore_typography_content_typography_typography": "custom",
                                "st_readmore_typography_content_typography_font_family": "Heebo",
                                "st_readmore_typography_content_typography_font_size": {
                                    "unit": "px",
                                    "size": 13,
                                    "sizes": []
                                },
                                "st_readmore_typography_content_typography_font_weight": "400",
                                "st_readmore_typography_content_typography_line_height": {
                                    "unit": "em",
                                    "size": 1.4,
                                    "sizes": []
                                },
                                "st_meta_typography_content_typography_typography": "custom",
                                "st_meta_typography_content_typography_font_family": "Heebo",
                                "st_meta_typography_content_typography_font_size": {
                                    "unit": "px",
                                    "size": 13,
                                    "sizes": []
                                },
                                "st_meta_typography_content_typography_font_weight": "400",
                                "st_meta_typography_content_typography_line_height": {
                                    "unit": "em",
                                    "size": 1.4,
                                    "sizes": []
                                },
                                "st_pagination_width_responsive_tablet": {
                                    "unit": "%",
                                    "size": "",
                                    "sizes": []
                                },
                                "st_pagination_normal_color_responsive": "#FFFFFF",
                                "st_pagination_normal_background_background_color": "#DA22FF",
                                "st_pagination_normal_background_background_color_b": "#9733EE",
                                "st_pagination_normal_border_border_border": "solid",
                                "st_pagination_normal_border_border_width": {
                                    "unit": "px",
                                    "top": "0",
                                    "right": "0",
                                    "bottom": "0",
                                    "left": "0",
                                    "isLinked": true
                                },
                                "st_pagination_normal_boxshadow_box_shadow_box_shadow_type": "yes",
                                "st_pagination_normal_boxshadow_box_shadow_box_shadow": {
                                    "horizontal": 0,
                                    "vertical": 0,
                                    "blur": 10,
                                    "spread": 0,
                                    "color": "rgba(0, 0, 0, 0)"
                                },
                                "st_pagination_hover_background_background_color": "#DA22FF",
                                "st_pagination_hover_background_background_color_b": "#DA22FF"
                            },
                            "elements": [],
                            "isInner": false,
                            "widgetType": "jkit_post_block",
                            "elType": "widget"
                        }
                    ],
                    "isInner": false,
                    "elType": "column"
                }
            ],
            "isInner": false,
            "elType": "section"
        }
    ]
}