{
    "version": "0.4",
    "title": "Contact Us",
    "type": "page",
    "metadata": {
        "template_type": "single-page",
        "include_in_zip": "1",
        "elementor_pro_required": null,
        "wp_page_template": "elementor_header_footer"
    },
    "content": [
        {
            "id": "424dc297",
            "settings": {
                "background_background": "classic",
                "background_image": {
                    "url": "https:\/\/templatekit.jegtheme.com\/evenizer\/wp-content\/uploads\/sites\/146\/2021\/08\/people-partying-at-a-concert-1.jpg",
                    "id": 1275
                },
                "background_position": "center center",
                "background_attachment": "scroll",
                "background_repeat": "no-repeat",
                "background_size": "cover",
                "background_overlay_background": "classic",
                "padding": {
                    "unit": "px",
                    "top": "250",
                    "right": "0",
                    "bottom": "150",
                    "left": "0",
                    "isLinked": false
                },
                "__globals__": {
                    "background_overlay_color": "globals\/colors?id=8aab09d"
                },
                "background_overlay_opacity": {
                    "unit": "px",
                    "size": 0.6,
                    "sizes": []
                }
            },
            "elements": [
                {
                    "id": "6282bd02",
                    "settings": {
                        "_column_size": 100,
                        "_inline_size": null
                    },
                    "elements": [
                        {
                            "id": "7f63ecd3",
                            "settings": {
                                "title": "Contact Us",
                                "align": "center",
                                "__globals__": {
                                    "title_color": "globals\/colors?id=4fa9897"
                                }
                            },
                            "elements": [],
                            "isInner": false,
                            "widgetType": "heading",
                            "elType": "widget"
                        },
                        {
                            "id": "92e9dc1",
                            "settings": {
                                "view": "inline",
                                "icon_list": [
                                    {
                                        "text": "Home",
                                        "selected_icon": {
                                            "value": "",
                                            "library": ""
                                        },
                                        "_id": "0abeef8"
                                    },
                                    {
                                        "text": "Contact Us",
                                        "selected_icon": {
                                            "value": "fas fa-chevron-right",
                                            "library": "fa-solid"
                                        },
                                        "_id": "f6bf668"
                                    }
                                ],
                                "icon_align": "center",
                                "__globals__": {
                                    "text_color": "globals\/colors?id=4fa9897",
                                    "icon_typography_typography": "globals\/typography?id=text",
                                    "icon_color": "globals\/colors?id=primary"
                                },
                                "space_between": {
                                    "unit": "px",
                                    "size": 10,
                                    "sizes": []
                                },
                                "_animation": "fadeIn",
                                "_animation_delay": "200",
                                "text_indent": {
                                    "unit": "px",
                                    "size": "10",
                                    "sizes": []
                                }
                            },
                            "elements": [],
                            "isInner": false,
                            "widgetType": "icon-list",
                            "elType": "widget"
                        }
                    ],
                    "isInner": false,
                    "elType": "column"
                }
            ],
            "isInner": false,
            "elType": "section"
        },
        {
            "id": "53d025c",
            "settings": {
                "content_width": {
                    "unit": "px",
                    "size": 1140,
                    "sizes": []
                },
                "structure": "20",
                "padding": {
                    "unit": "px",
                    "top": "0",
                    "right": "0",
                    "bottom": "0",
                    "left": "0",
                    "isLinked": false
                },
                "margin_tablet": {
                    "unit": "px",
                    "top": "0",
                    "right": 0,
                    "bottom": "0",
                    "left": 0,
                    "isLinked": false
                },
                "margin_mobile": {
                    "unit": "px",
                    "top": "0",
                    "right": 0,
                    "bottom": "0",
                    "left": 0,
                    "isLinked": false
                },
                "padding_tablet": {
                    "unit": "px",
                    "top": "0",
                    "right": "0",
                    "bottom": "0",
                    "left": "0",
                    "isLinked": false
                },
                "padding_mobile": {
                    "unit": "px",
                    "top": "0",
                    "right": "0",
                    "bottom": "0",
                    "left": "0",
                    "isLinked": false
                },
                "gap": "no"
            },
            "elements": [
                {
                    "id": "18495fc9",
                    "settings": {
                        "_column_size": 50,
                        "_inline_size": null,
                        "_inline_size_tablet": 100,
                        "margin_tablet": {
                            "unit": "px",
                            "top": "0",
                            "right": "20",
                            "bottom": "0",
                            "left": "20",
                            "isLinked": false
                        },
                        "padding_tablet": {
                            "unit": "px",
                            "top": "0",
                            "right": "0",
                            "bottom": "0",
                            "left": "0",
                            "isLinked": false
                        },
                        "animation": "fadeInLeft",
                        "animation_delay": 200,
                        "border_radius": {
                            "unit": "px",
                            "top": "6",
                            "right": "6",
                            "bottom": "6",
                            "left": "6",
                            "isLinked": true
                        },
                        "box_shadow_box_shadow_type": "yes",
                        "box_shadow_box_shadow": {
                            "horizontal": 0,
                            "vertical": 5,
                            "blur": 20,
                            "spread": 0,
                            "color": "rgba(0, 0, 0, 0.1)"
                        }
                    },
                    "elements": [
                        {
                            "id": "5e8733e8",
                            "settings": {
                                "mf_form_id": "2224***1630312827535",
                                "_margin": {
                                    "unit": "px",
                                    "top": "-75",
                                    "right": "0",
                                    "bottom": "0",
                                    "left": "0",
                                    "isLinked": false
                                },
                                "_margin_mobile": {
                                    "unit": "px",
                                    "top": "-50",
                                    "right": "0",
                                    "bottom": "0",
                                    "left": "0",
                                    "isLinked": false
                                }
                            },
                            "elements": [],
                            "isInner": false,
                            "widgetType": "metform",
                            "elType": "widget"
                        }
                    ],
                    "isInner": false,
                    "elType": "column"
                },
                {
                    "id": "81d473d",
                    "settings": {
                        "_column_size": 50,
                        "_inline_size": null,
                        "content_position": "center",
                        "margin": {
                            "unit": "px",
                            "top": "0",
                            "right": "0",
                            "bottom": "0",
                            "left": "50",
                            "isLinked": false
                        },
                        "_inline_size_tablet": 100,
                        "margin_tablet": {
                            "unit": "px",
                            "top": "20",
                            "right": "20",
                            "bottom": "20",
                            "left": "20",
                            "isLinked": true
                        },
                        "padding_mobile": {
                            "unit": "px",
                            "top": "0",
                            "right": "0",
                            "bottom": "50",
                            "left": "0",
                            "isLinked": false
                        }
                    },
                    "elements": [
                        {
                            "id": "7c9bbded",
                            "settings": {
                                "sg_title_before": "Get In Touch",
                                "sg_title_focused": "",
                                "sg_subtitle_heading": "Contact Us",
                                "sg_shadow_content": "news",
                                "sg_separator_enable": "",
                                "__globals__": {
                                    "st_title_typography_content_typography_typography": "globals\/typography?id=primary",
                                    "st_title_color_responsive": "globals\/colors?id=8aab09d",
                                    "st_subtitle_color_responsive": "globals\/colors?id=primary",
                                    "st_description_color_responsive": "globals\/colors?id=text",
                                    "st_description_typography_content_typography_typography": "globals\/typography?id=text",
                                    "st_subtitle_typography_content_typography_typography": "globals\/typography?id=26a8789"
                                },
                                "st_title_margin_responsive": {
                                    "unit": "px",
                                    "top": "0",
                                    "right": "0",
                                    "bottom": "20",
                                    "left": "0",
                                    "isLinked": ""
                                },
                                "sg_subtitle_enable": "yes",
                                "sg_subtitle_position": "before",
                                "sg_description_enable": "yes",
                                "sg_description": "<p>Lorem ipsum dolor sit amet, consectetur adipiscing elit, sed do eiusmod tempor incididunt ut labore et dolore magna aliqua.<\/p>",
                                "sg_description_max_width_responsive": {
                                    "unit": "%",
                                    "size": "",
                                    "sizes": []
                                },
                                "_margin": {
                                    "unit": "px",
                                    "top": "0",
                                    "right": "0",
                                    "bottom": "0",
                                    "left": "0",
                                    "isLinked": ""
                                },
                                "_animation": "fadeInRight"
                            },
                            "elements": [],
                            "isInner": false,
                            "widgetType": "jkit_heading",
                            "elType": "widget"
                        },
                        {
                            "id": "208f05c7",
                            "settings": {
                                "gap": "no",
                                "structure": "20",
                                "margin": {
                                    "unit": "px",
                                    "top": "20",
                                    "right": 0,
                                    "bottom": "30",
                                    "left": 0,
                                    "isLinked": ""
                                },
                                "margin_mobile": {
                                    "unit": "px",
                                    "top": "20",
                                    "right": "0",
                                    "bottom": "0",
                                    "left": "0",
                                    "isLinked": ""
                                },
                                "padding_mobile": {
                                    "unit": "px",
                                    "top": "0",
                                    "right": "0",
                                    "bottom": "0",
                                    "left": "0",
                                    "isLinked": ""
                                }
                            },
                            "elements": [
                                {
                                    "id": "576c48eb",
                                    "settings": {
                                        "_column_size": "50",
                                        "margin": {
                                            "unit": "px",
                                            "top": "0",
                                            "right": "20",
                                            "bottom": "0",
                                            "left": "0",
                                            "isLinked": ""
                                        },
                                        "margin_mobile": {
                                            "unit": "px",
                                            "top": "0",
                                            "right": "0",
                                            "bottom": "0",
                                            "left": "0",
                                            "isLinked": ""
                                        },
                                        "padding_mobile": {
                                            "unit": "px",
                                            "top": "0",
                                            "right": "0",
                                            "bottom": "0",
                                            "left": "0",
                                            "isLinked": ""
                                        }
                                    },
                                    "elements": [
                                        {
                                            "id": "63a79087",
                                            "settings": {
                                                "selected_icon": {
                                                    "value": "jki jki-map-marker1-light",
                                                    "library": "jkiticon"
                                                },
                                                "title_text": "Location",
                                                "description_text": "Jl. Sunset Road No. 815, Kuta",
                                                "icon_size": {
                                                    "unit": "px",
                                                    "size": 50,
                                                    "sizes": []
                                                },
                                                "rotate": {
                                                    "unit": "deg",
                                                    "size": "",
                                                    "sizes": []
                                                },
                                                "__globals__": {
                                                    "title_typography_typography": "globals\/typography?id=accent",
                                                    "description_typography_typography": "globals\/typography?id=text",
                                                    "title_color": "globals\/colors?id=8aab09d",
                                                    "hover_primary_color": "globals\/colors?id=primary",
                                                    "secondary_color": "",
                                                    "hover_secondary_color": "",
                                                    "_background_color": "globals\/colors?id=f097191",
                                                    "description_color": "globals\/colors?id=text",
                                                    "primary_color": "globals\/colors?id=primary"
                                                },
                                                "shape": "square",
                                                "hover_secondary_color": "#003980",
                                                "_box_shadow_box_shadow": {
                                                    "horizontal": "0",
                                                    "vertical": "3",
                                                    "blur": "15",
                                                    "spread": "0",
                                                    "color": "rgba(0, 0, 0, 0.1)"
                                                },
                                                "_animation": "fadeInUp",
                                                "_background_color": "#FFFFFF",
                                                "secondary_color": "#FFFFFF",
                                                "title_bottom_space": {
                                                    "unit": "px",
                                                    "size": 10,
                                                    "sizes": []
                                                },
                                                "hover_primary_color": "#184341",
                                                "_margin_mobile": {
                                                    "unit": "px",
                                                    "top": "0",
                                                    "right": "0",
                                                    "bottom": "30",
                                                    "left": "0",
                                                    "isLinked": ""
                                                },
                                                "text_align": "left",
                                                "_margin": {
                                                    "unit": "px",
                                                    "top": "0",
                                                    "right": "0",
                                                    "bottom": "30",
                                                    "left": "0",
                                                    "isLinked": ""
                                                },
                                                "_animation_delay": "100",
                                                "hover_animation": "float",
                                                "icon_size_tablet": {
                                                    "unit": "px",
                                                    "size": 50,
                                                    "sizes": []
                                                },
                                                "text_align_mobile": "left",
                                                "icon_size_mobile": {
                                                    "unit": "px",
                                                    "size": 45,
                                                    "sizes": []
                                                }
                                            },
                                            "elements": [],
                                            "isInner": false,
                                            "widgetType": "icon-box",
                                            "elType": "widget"
                                        },
                                        {
                                            "id": "49161f6",
                                            "settings": {
                                                "selected_icon": {
                                                    "value": "jki jki-phone-handset-light",
                                                    "library": "jkiticon"
                                                },
                                                "title_text": "Phone",
                                                "description_text": "(+62) 81 2345 1234",
                                                "icon_size": {
                                                    "unit": "px",
                                                    "size": 50,
                                                    "sizes": []
                                                },
                                                "rotate": {
                                                    "unit": "deg",
                                                    "size": "",
                                                    "sizes": []
                                                },
                                                "__globals__": {
                                                    "title_typography_typography": "globals\/typography?id=accent",
                                                    "description_typography_typography": "globals\/typography?id=text",
                                                    "title_color": "globals\/colors?id=8aab09d",
                                                    "hover_primary_color": "globals\/colors?id=primary",
                                                    "secondary_color": "",
                                                    "hover_secondary_color": "",
                                                    "_background_color": "globals\/colors?id=f097191",
                                                    "description_color": "globals\/colors?id=text",
                                                    "primary_color": "globals\/colors?id=primary"
                                                },
                                                "shape": "square",
                                                "hover_secondary_color": "#003980",
                                                "_box_shadow_box_shadow": {
                                                    "horizontal": "0",
                                                    "vertical": "3",
                                                    "blur": "15",
                                                    "spread": "0",
                                                    "color": "rgba(0, 0, 0, 0.1)"
                                                },
                                                "_animation": "fadeInUp",
                                                "_background_color": "#FFFFFF",
                                                "secondary_color": "#FFFFFF",
                                                "title_bottom_space": {
                                                    "unit": "px",
                                                    "size": 10,
                                                    "sizes": []
                                                },
                                                "hover_primary_color": "#184341",
                                                "_margin_mobile": {
                                                    "unit": "px",
                                                    "top": "0",
                                                    "right": "0",
                                                    "bottom": "20",
                                                    "left": "0",
                                                    "isLinked": ""
                                                },
                                                "text_align": "left",
                                                "_margin": {
                                                    "unit": "px",
                                                    "top": "0",
                                                    "right": "0",
                                                    "bottom": "10",
                                                    "left": "0",
                                                    "isLinked": ""
                                                },
                                                "_animation_delay": "100",
                                                "hover_animation": "float",
                                                "icon_size_tablet": {
                                                    "unit": "px",
                                                    "size": 50,
                                                    "sizes": []
                                                },
                                                "text_align_mobile": "left",
                                                "icon_size_mobile": {
                                                    "unit": "px",
                                                    "size": 45,
                                                    "sizes": []
                                                }
                                            },
                                            "elements": [],
                                            "isInner": false,
                                            "widgetType": "icon-box",
                                            "elType": "widget"
                                        }
                                    ],
                                    "isInner": "1",
                                    "elType": "column"
                                },
                                {
                                    "id": "515f228a",
                                    "settings": {
                                        "_column_size": "50",
                                        "margin": {
                                            "unit": "px",
                                            "top": "0",
                                            "right": "0",
                                            "bottom": "0",
                                            "left": "20",
                                            "isLinked": ""
                                        },
                                        "margin_mobile": {
                                            "unit": "px",
                                            "top": "20",
                                            "right": "0",
                                            "bottom": "0",
                                            "left": "0",
                                            "isLinked": ""
                                        }
                                    },
                                    "elements": [
                                        {
                                            "id": "2920f6fc",
                                            "settings": {
                                                "selected_icon": {
                                                    "value": "jki jki-email1-light",
                                                    "library": "jkiticon"
                                                },
                                                "title_text": "Email",
                                                "description_text": "evenizer@domain.com",
                                                "icon_size": {
                                                    "unit": "px",
                                                    "size": 50,
                                                    "sizes": []
                                                },
                                                "rotate": {
                                                    "unit": "deg",
                                                    "size": "",
                                                    "sizes": []
                                                },
                                                "__globals__": {
                                                    "title_typography_typography": "globals\/typography?id=accent",
                                                    "description_typography_typography": "globals\/typography?id=text",
                                                    "title_color": "globals\/colors?id=8aab09d",
                                                    "hover_primary_color": "globals\/colors?id=primary",
                                                    "secondary_color": "",
                                                    "hover_secondary_color": "",
                                                    "_background_color": "globals\/colors?id=f097191",
                                                    "description_color": "globals\/colors?id=text",
                                                    "primary_color": "globals\/colors?id=primary"
                                                },
                                                "shape": "square",
                                                "hover_secondary_color": "#003980",
                                                "_box_shadow_box_shadow": {
                                                    "horizontal": "0",
                                                    "vertical": "3",
                                                    "blur": "15",
                                                    "spread": "0",
                                                    "color": "rgba(0, 0, 0, 0.1)"
                                                },
                                                "_animation": "fadeInUp",
                                                "_background_color": "#FFFFFF",
                                                "secondary_color": "#FFFFFF",
                                                "title_bottom_space": {
                                                    "unit": "px",
                                                    "size": 10,
                                                    "sizes": []
                                                },
                                                "hover_primary_color": "#184341",
                                                "_margin_mobile": {
                                                    "unit": "px",
                                                    "top": "0",
                                                    "right": "0",
                                                    "bottom": "30",
                                                    "left": "0",
                                                    "isLinked": ""
                                                },
                                                "text_align": "left",
                                                "_margin": {
                                                    "unit": "px",
                                                    "top": "0",
                                                    "right": "0",
                                                    "bottom": "30",
                                                    "left": "0",
                                                    "isLinked": ""
                                                },
                                                "_animation_delay": "200",
                                                "hover_animation": "float",
                                                "icon_size_tablet": {
                                                    "unit": "px",
                                                    "size": 50,
                                                    "sizes": []
                                                },
                                                "text_align_mobile": "left",
                                                "icon_size_mobile": {
                                                    "unit": "px",
                                                    "size": 45,
                                                    "sizes": []
                                                }
                                            },
                                            "elements": [],
                                            "isInner": false,
                                            "widgetType": "icon-box",
                                            "elType": "widget"
                                        },
                                        {
                                            "id": "663b9e6f",
                                            "settings": {
                                                "selected_icon": {
                                                    "value": "jki jki-clock-line",
                                                    "library": "jkiticon"
                                                },
                                                "title_text": "Opening Hours",
                                                "description_text": "Mon - Fri : 09.00 AM - 18.00 PM",
                                                "icon_size": {
                                                    "unit": "px",
                                                    "size": 50,
                                                    "sizes": []
                                                },
                                                "rotate": {
                                                    "unit": "deg",
                                                    "size": "",
                                                    "sizes": []
                                                },
                                                "__globals__": {
                                                    "title_typography_typography": "globals\/typography?id=accent",
                                                    "description_typography_typography": "globals\/typography?id=text",
                                                    "title_color": "globals\/colors?id=8aab09d",
                                                    "hover_primary_color": "globals\/colors?id=primary",
                                                    "secondary_color": "",
                                                    "hover_secondary_color": "",
                                                    "_background_color": "globals\/colors?id=f097191",
                                                    "description_color": "globals\/colors?id=text",
                                                    "primary_color": "globals\/colors?id=primary"
                                                },
                                                "shape": "square",
                                                "hover_secondary_color": "#003980",
                                                "_box_shadow_box_shadow": {
                                                    "horizontal": "0",
                                                    "vertical": "3",
                                                    "blur": "15",
                                                    "spread": "0",
                                                    "color": "rgba(0, 0, 0, 0.1)"
                                                },
                                                "_animation": "fadeInUp",
                                                "_background_color": "#FFFFFF",
                                                "secondary_color": "#FFFFFF",
                                                "title_bottom_space": {
                                                    "unit": "px",
                                                    "size": 10,
                                                    "sizes": []
                                                },
                                                "hover_primary_color": "#184341",
                                                "_margin_mobile": {
                                                    "unit": "px",
                                                    "top": "0",
                                                    "right": "0",
                                                    "bottom": "30",
                                                    "left": "0",
                                                    "isLinked": ""
                                                },
                                                "text_align": "left",
                                                "_margin": {
                                                    "unit": "px",
                                                    "top": "0",
                                                    "right": "0",
                                                    "bottom": "10",
                                                    "left": "0",
                                                    "isLinked": ""
                                                },
                                                "_animation_delay": "200",
                                                "hover_animation": "float",
                                                "icon_size_tablet": {
                                                    "unit": "px",
                                                    "size": 50,
                                                    "sizes": []
                                                },
                                                "text_align_mobile": "left",
                                                "icon_size_mobile": {
                                                    "unit": "px",
                                                    "size": 45,
                                                    "sizes": []
                                                }
                                            },
                                            "elements": [],
                                            "isInner": false,
                                            "widgetType": "icon-box",
                                            "elType": "widget"
                                        }
                                    ],
                                    "isInner": "1",
                                    "elType": "column"
                                }
                            ],
                            "isInner": "1",
                            "elType": "section"
                        }
                    ],
                    "isInner": false,
                    "elType": "column"
                }
            ],
            "isInner": false,
            "elType": "section"
        },
        {
            "id": "71db389b",
            "settings": {
                "layout": "full_width",
                "content_width": {
                    "unit": "px",
                    "size": 1140,
                    "sizes": []
                },
                "gap": "no",
                "background_overlay_opacity": {
                    "unit": "px",
                    "size": 0.62,
                    "sizes": []
                },
                "margin": {
                    "unit": "px",
                    "top": "100",
                    "right": 0,
                    "bottom": "0",
                    "left": 0,
                    "isLinked": false
                },
                "padding": {
                    "unit": "px",
                    "top": "0",
                    "right": "0",
                    "bottom": "0",
                    "left": "0",
                    "isLinked": false
                },
                "__globals__": {
                    "background_overlay_color": "globals\/colors?id=accent"
                },
                "margin_tablet": {
                    "unit": "px",
                    "top": "0",
                    "right": 0,
                    "bottom": "0",
                    "left": 0,
                    "isLinked": false
                }
            },
            "elements": [
                {
                    "id": "7b16630",
                    "settings": {
                        "_column_size": 100,
                        "_inline_size": null,
                        "__globals__": {
                            "background_color": "globals\/colors?id=primary"
                        }
                    },
                    "elements": [
                        {
                            "id": "16eda17c",
                            "settings": {
                                "address": "Jl Sunset Road No. 815 Kuta",
                                "zoom": {
                                    "unit": "px",
                                    "size": 15,
                                    "sizes": []
                                },
                                "height": {
                                    "unit": "px",
                                    "size": 350,
                                    "sizes": []
                                },
                                "__globals__": {
                                    "_background_color": "globals\/colors?id=accent"
                                }
                            },
                            "elements": [],
                            "isInner": false,
                            "widgetType": "google_maps",
                            "elType": "widget"
                        }
                    ],
                    "isInner": false,
                    "elType": "column"
                }
            ],
            "isInner": false,
            "elType": "section"
        }
    ]
}