{
    "version": "0.4",
    "title": "FAQ",
    "type": "page",
    "metadata": {
        "template_type": "single-page",
        "include_in_zip": "1",
        "elementor_pro_required": null,
        "wp_page_template": "elementor_header_footer"
    },
    "content": [
        {
            "id": "7f9981c5",
            "settings": {
                "background_background": "classic",
                "background_image": {
                    "url": "https:\/\/templatekit.jegtheme.com\/evenizer\/wp-content\/uploads\/sites\/146\/2021\/08\/concert-music-festival-party-time.jpg",
                    "id": 1831
                },
                "background_position": "center center",
                "background_attachment": "scroll",
                "background_repeat": "no-repeat",
                "background_size": "cover",
                "background_overlay_background": "classic",
                "padding": {
                    "unit": "px",
                    "top": "250",
                    "right": "0",
                    "bottom": "150",
                    "left": "0",
                    "isLinked": false
                },
                "__globals__": {
                    "background_overlay_color": "globals\/colors?id=8aab09d"
                },
                "background_ypos": {
                    "unit": "px",
                    "size": -486,
                    "sizes": []
                },
                "background_overlay_opacity": {
                    "unit": "px",
                    "size": 0.6,
                    "sizes": []
                }
            },
            "elements": [
                {
                    "id": "11f1b6a",
                    "settings": {
                        "_column_size": 100,
                        "_inline_size": null
                    },
                    "elements": [
                        {
                            "id": "3076e7bd",
                            "settings": {
                                "title": "FAQ",
                                "align": "center",
                                "__globals__": {
                                    "title_color": "globals\/colors?id=4fa9897"
                                }
                            },
                            "elements": [],
                            "isInner": false,
                            "widgetType": "heading",
                            "elType": "widget"
                        },
                        {
                            "id": "52125c0d",
                            "settings": {
                                "view": "inline",
                                "icon_list": [
                                    {
                                        "text": "Home",
                                        "selected_icon": {
                                            "value": "",
                                            "library": ""
                                        },
                                        "_id": "0abeef8"
                                    },
                                    {
                                        "text": "FAQ",
                                        "selected_icon": {
                                            "value": "fas fa-chevron-right",
                                            "library": "fa-solid"
                                        },
                                        "_id": "f6bf668"
                                    }
                                ],
                                "icon_align": "center",
                                "__globals__": {
                                    "text_color": "globals\/colors?id=4fa9897",
                                    "icon_typography_typography": "globals\/typography?id=text",
                                    "icon_color": "globals\/colors?id=primary"
                                },
                                "space_between": {
                                    "unit": "px",
                                    "size": 10,
                                    "sizes": []
                                },
                                "_animation": "fadeIn",
                                "_animation_delay": "200",
                                "text_indent": {
                                    "unit": "px",
                                    "size": 8,
                                    "sizes": []
                                }
                            },
                            "elements": [],
                            "isInner": false,
                            "widgetType": "icon-list",
                            "elType": "widget"
                        }
                    ],
                    "isInner": false,
                    "elType": "column"
                }
            ],
            "isInner": false,
            "elType": "section"
        },
        {
            "id": "25cbac15",
            "settings": {
                "padding": {
                    "unit": "px",
                    "top": "100",
                    "right": "0",
                    "bottom": "100",
                    "left": "0",
                    "isLinked": false
                },
                "content_width": {
                    "unit": "px",
                    "size": 1140,
                    "sizes": []
                },
                "gap": "no",
                "padding_tablet": {
                    "unit": "px",
                    "top": "50",
                    "right": "20",
                    "bottom": "50",
                    "left": "20",
                    "isLinked": false
                }
            },
            "elements": [
                {
                    "id": "9083cf5",
                    "settings": {
                        "_column_size": 100,
                        "_inline_size": null
                    },
                    "elements": [
                        {
                            "id": "418df21a",
                            "settings": {
                                "content_width": {
                                    "unit": "px",
                                    "size": 1140,
                                    "sizes": []
                                },
                                "gap": "no",
                                "structure": "20"
                            },
                            "elements": [
                                {
                                    "id": "7a6f11fa",
                                    "settings": {
                                        "_column_size": 50,
                                        "_inline_size": null,
                                        "content_position": "center",
                                        "margin": {
                                            "unit": "px",
                                            "top": "0",
                                            "right": "25",
                                            "bottom": "0",
                                            "left": "0",
                                            "isLinked": false
                                        },
                                        "margin_tablet": {
                                            "unit": "px",
                                            "top": "0",
                                            "right": "0",
                                            "bottom": "0",
                                            "left": "0",
                                            "isLinked": false
                                        },
                                        "animation": "fadeInLeft",
                                        "animation_delay": 200
                                    },
                                    "elements": [
                                        {
                                            "id": "1eb765fc",
                                            "settings": {
                                                "sg_accordion_list": [
                                                    {
                                                        "sg_accordion_list_title": "Where Can I Find Information?",
                                                        "sg_accordion_list_content": "<p>Lorem ipsum dolor sit amet, consectetuer adipiscing elit. Aenean commodo ligula eget dolor. Aenean massa. Cum sociis natoque penatibus et magnis dis parturient montes, nascetur ridiculus mus.<\/p>",
                                                        "_id": "6f75bf4",
                                                        "sg_accordion_list_open": "yes"
                                                    },
                                                    {
                                                        "sg_accordion_list_title": "What Are Your Areas of Expertise?",
                                                        "sg_accordion_list_content": "<p>Lorem ipsum dolor sit amet, consectetuer adipiscing elit. Aenean commodo ligula eget dolor. Aenean massa. Cum sociis natoque penatibus et magnis dis parturient montes, nascetur ridiculus mus.<\/p>",
                                                        "_id": "6a4960b"
                                                    },
                                                    {
                                                        "sg_accordion_list_title": "What Kinds of Payment Do You Accept?",
                                                        "sg_accordion_list_content": "<p>Lorem ipsum dolor sit amet, consectetuer adipiscing elit. Aenean commodo ligula eget dolor. Aenean massa. Cum sociis natoque penatibus et magnis dis parturient montes, nascetur ridiculus mus.<\/p>",
                                                        "_id": "031ca60"
                                                    },
                                                    {
                                                        "sg_accordion_list_title": "What Services Do You Offer? ",
                                                        "sg_accordion_list_content": "<p>Lorem ipsum dolor sit amet, consectetuer adipiscing elit. Aenean commodo ligula eget dolor. Aenean massa. Cum sociis natoque penatibus et magnis dis parturient montes, nascetur ridiculus mus.<\/p>",
                                                        "_id": "15b1152"
                                                    }
                                                ],
                                                "st_title_open_color_responsive": "#000000",
                                                "st_title_open_background_background_background": "gradient",
                                                "st_title_open_background_background_color": "#28FFBF",
                                                "st_title_open_background_background_gradient_angle": {
                                                    "unit": "deg",
                                                    "size": 220,
                                                    "sizes": []
                                                },
                                                "st_title_open_border_border_width": {
                                                    "unit": "px",
                                                    "top": "0",
                                                    "right": "0",
                                                    "bottom": "0",
                                                    "left": "0",
                                                    "isLinked": "1"
                                                },
                                                "st_title_open_border_radius_responsive": {
                                                    "unit": "px",
                                                    "top": "6",
                                                    "right": "6",
                                                    "bottom": "6",
                                                    "left": "6",
                                                    "isLinked": "1"
                                                },
                                                "st_title_close_color_responsive": "#000000",
                                                "st_title_close_background_background_background": "classic",
                                                "st_title_close_background_background_color_b": "#00000000",
                                                "st_title_close_border_border_width": {
                                                    "unit": "px",
                                                    "top": "0",
                                                    "right": "0",
                                                    "bottom": "0",
                                                    "left": "0",
                                                    "isLinked": "1"
                                                },
                                                "st_title_close_border_radius_responsive": {
                                                    "unit": "px",
                                                    "top": "6",
                                                    "right": "6",
                                                    "bottom": "6",
                                                    "left": "6",
                                                    "isLinked": "1"
                                                },
                                                "st_description_border_radius_responsive": {
                                                    "unit": "px",
                                                    "top": "6",
                                                    "right": "6",
                                                    "bottom": "6",
                                                    "left": "6",
                                                    "isLinked": "1"
                                                },
                                                "st_border_border_border_width": {
                                                    "unit": "px",
                                                    "top": "0",
                                                    "right": "0",
                                                    "bottom": "0",
                                                    "left": "0",
                                                    "isLinked": "1"
                                                },
                                                "st_border_border_radius_responsive": {
                                                    "unit": "px",
                                                    "top": "6",
                                                    "right": "6",
                                                    "bottom": "6",
                                                    "left": "6",
                                                    "isLinked": "1"
                                                },
                                                "__globals__": {
                                                    "st_title_typography_content_typography_typography": "globals\/typography?id=32cc2f2",
                                                    "st_title_open_color_responsive": "globals\/colors?id=4fa9897",
                                                    "st_title_open_background_background_color": "globals\/colors?id=primary",
                                                    "st_title_open_background_background_color_b": "globals\/colors?id=secondary",
                                                    "st_title_close_color_responsive": "globals\/colors?id=3b7ad36",
                                                    "st_title_close_background_background_color": "globals\/colors?id=accent",
                                                    "st_title_close_background_background_color_b": "",
                                                    "st_title_close_border_border_color": "globals\/colors?id=primary",
                                                    "st_description_typography_content_typography_typography": "globals\/typography?id=text",
                                                    "st_description_color_responsive": "globals\/colors?id=text",
                                                    "st_title_open_border_border_color": "globals\/colors?id=primary",
                                                    "st_border_border_border_color": "globals\/colors?id=primary"
                                                },
                                                "st_description_padding_responsive": {
                                                    "unit": "px",
                                                    "top": "15",
                                                    "right": "35",
                                                    "bottom": "15",
                                                    "left": "35",
                                                    "isLinked": ""
                                                },
                                                "st_icon_margin_responsive_tablet": {
                                                    "unit": "px",
                                                    "top": "0",
                                                    "right": "020",
                                                    "bottom": "0",
                                                    "left": "0",
                                                    "isLinked": false
                                                },
                                                "_margin_mobile": {
                                                    "unit": "px",
                                                    "top": "0",
                                                    "right": "0",
                                                    "bottom": "10",
                                                    "left": "0",
                                                    "isLinked": false
                                                },
                                                "st_title_open_border_border_border": "solid"
                                            },
                                            "elements": [],
                                            "isInner": false,
                                            "widgetType": "jkit_accordion",
                                            "elType": "widget"
                                        }
                                    ],
                                    "isInner": true,
                                    "elType": "column"
                                },
                                {
                                    "id": "e511dbb",
                                    "settings": {
                                        "_column_size": 50,
                                        "_inline_size": null,
                                        "content_position": "center",
                                        "margin": {
                                            "unit": "px",
                                            "top": "0",
                                            "right": "0",
                                            "bottom": "0",
                                            "left": "25",
                                            "isLinked": false
                                        },
                                        "margin_mobile": {
                                            "unit": "px",
                                            "top": "0",
                                            "right": "0",
                                            "bottom": "0",
                                            "left": "0",
                                            "isLinked": false
                                        },
                                        "animation": "fadeInRight",
                                        "animation_delay": 200
                                    },
                                    "elements": [
                                        {
                                            "id": "13a5d664",
                                            "settings": {
                                                "sg_accordion_list": [
                                                    {
                                                        "sg_accordion_list_title": "How Do You Keep Budgets Event?",
                                                        "sg_accordion_list_content": "<p>Lorem ipsum dolor sit amet, consectetuer adipiscing elit. Aenean commodo ligula eget dolor. Aenean massa. Cum sociis natoque penatibus et magnis dis parturient montes, nascetur ridiculus mus.<\/p>",
                                                        "_id": "6f75bf4",
                                                        "sg_accordion_list_open": "yes"
                                                    },
                                                    {
                                                        "sg_accordion_list_title": "Who Will Work on The Event?",
                                                        "sg_accordion_list_content": "<p>Lorem ipsum dolor sit amet, consectetuer adipiscing elit. Aenean commodo ligula eget dolor. Aenean massa. Cum sociis natoque penatibus et magnis dis parturient montes, nascetur ridiculus mus.<\/p>",
                                                        "_id": "6a4960b"
                                                    },
                                                    {
                                                        "sg_accordion_list_title": "What Is Included In Your Fee?",
                                                        "sg_accordion_list_content": "<p>Lorem ipsum dolor sit amet, consectetuer adipiscing elit. Aenean commodo ligula eget dolor. Aenean massa. Cum sociis natoque penatibus et magnis dis parturient montes, nascetur ridiculus mus.<\/p>",
                                                        "_id": "031ca60"
                                                    },
                                                    {
                                                        "sg_accordion_list_title": "How Do You Choose An Event?",
                                                        "sg_accordion_list_content": "<p>Lorem ipsum dolor sit amet, consectetuer adipiscing elit. Aenean commodo ligula eget dolor. Aenean massa. Cum sociis natoque penatibus et magnis dis parturient montes, nascetur ridiculus mus.<\/p>",
                                                        "_id": "15b1152",
                                                        "sg_accordion_list_open": ""
                                                    }
                                                ],
                                                "st_title_open_color_responsive": "#000000",
                                                "st_title_open_background_background_background": "gradient",
                                                "st_title_open_background_background_color": "#28FFBF",
                                                "st_title_open_background_background_gradient_angle": {
                                                    "unit": "deg",
                                                    "size": 220,
                                                    "sizes": []
                                                },
                                                "st_title_open_border_border_width": {
                                                    "unit": "px",
                                                    "top": "0",
                                                    "right": "0",
                                                    "bottom": "0",
                                                    "left": "0",
                                                    "isLinked": "1"
                                                },
                                                "st_title_open_border_radius_responsive": {
                                                    "unit": "px",
                                                    "top": "6",
                                                    "right": "6",
                                                    "bottom": "6",
                                                    "left": "6",
                                                    "isLinked": "1"
                                                },
                                                "st_title_close_color_responsive": "#000000",
                                                "st_title_close_background_background_background": "classic",
                                                "st_title_close_background_background_color_b": "#00000000",
                                                "st_title_close_border_border_width": {
                                                    "unit": "px",
                                                    "top": "0",
                                                    "right": "0",
                                                    "bottom": "0",
                                                    "left": "0",
                                                    "isLinked": "1"
                                                },
                                                "st_title_close_border_radius_responsive": {
                                                    "unit": "px",
                                                    "top": "6",
                                                    "right": "6",
                                                    "bottom": "6",
                                                    "left": "6",
                                                    "isLinked": "1"
                                                },
                                                "st_description_border_radius_responsive": {
                                                    "unit": "px",
                                                    "top": "6",
                                                    "right": "6",
                                                    "bottom": "6",
                                                    "left": "6",
                                                    "isLinked": "1"
                                                },
                                                "st_border_border_border_width": {
                                                    "unit": "px",
                                                    "top": "0",
                                                    "right": "0",
                                                    "bottom": "0",
                                                    "left": "0",
                                                    "isLinked": "1"
                                                },
                                                "st_border_border_radius_responsive": {
                                                    "unit": "px",
                                                    "top": "6",
                                                    "right": "6",
                                                    "bottom": "6",
                                                    "left": "6",
                                                    "isLinked": "1"
                                                },
                                                "__globals__": {
                                                    "st_title_typography_content_typography_typography": "globals\/typography?id=32cc2f2",
                                                    "st_title_open_color_responsive": "globals\/colors?id=4fa9897",
                                                    "st_title_open_background_background_color": "globals\/colors?id=primary",
                                                    "st_title_open_background_background_color_b": "globals\/colors?id=secondary",
                                                    "st_title_close_color_responsive": "globals\/colors?id=3b7ad36",
                                                    "st_title_close_background_background_color": "globals\/colors?id=accent",
                                                    "st_title_close_background_background_color_b": "",
                                                    "st_title_close_border_border_color": "globals\/colors?id=primary",
                                                    "st_description_typography_content_typography_typography": "globals\/typography?id=text",
                                                    "st_description_color_responsive": "globals\/colors?id=text",
                                                    "st_title_open_border_border_color": "globals\/colors?id=primary",
                                                    "st_border_border_border_color": "globals\/colors?id=primary"
                                                },
                                                "st_description_padding_responsive": {
                                                    "unit": "px",
                                                    "top": "15",
                                                    "right": "35",
                                                    "bottom": "15",
                                                    "left": "35",
                                                    "isLinked": ""
                                                },
                                                "st_icon_margin_responsive_tablet": {
                                                    "unit": "px",
                                                    "top": "0",
                                                    "right": "20",
                                                    "bottom": "0",
                                                    "left": "0",
                                                    "isLinked": false
                                                },
                                                "st_title_open_border_border_border": "solid"
                                            },
                                            "elements": [],
                                            "isInner": false,
                                            "widgetType": "jkit_accordion",
                                            "elType": "widget"
                                        }
                                    ],
                                    "isInner": true,
                                    "elType": "column"
                                }
                            ],
                            "isInner": true,
                            "elType": "section"
                        }
                    ],
                    "isInner": false,
                    "elType": "column"
                }
            ],
            "isInner": false,
            "elType": "section"
        },
        {
            "id": "1eaaf4d7",
            "settings": {
                "background_background": "classic",
                "background_image": {
                    "url": "https:\/\/templatekit.jegtheme.com\/evenizer\/wp-content\/uploads\/sites\/146\/2021\/08\/coworkers-laughing-during-a-birthday-party.jpg",
                    "id": 1859
                },
                "background_position": "center center",
                "background_attachment": "fixed",
                "background_repeat": "no-repeat",
                "background_size": "cover",
                "background_overlay_background": "classic",
                "background_overlay_opacity": {
                    "unit": "px",
                    "size": 0.6,
                    "sizes": []
                },
                "padding": {
                    "unit": "px",
                    "top": "100",
                    "right": "0",
                    "bottom": "100",
                    "left": "0",
                    "isLinked": false
                },
                "__globals__": {
                    "background_overlay_color": "globals\/colors?id=8aab09d"
                },
                "padding_tablet": {
                    "unit": "px",
                    "top": "50",
                    "right": "0",
                    "bottom": "50",
                    "left": "0",
                    "isLinked": false
                }
            },
            "elements": [
                {
                    "id": "2ceb361d",
                    "settings": {
                        "_column_size": 100,
                        "_inline_size": null,
                        "content_position": "center",
                        "align": "center"
                    },
                    "elements": [
                        {
                            "id": "274293d9",
                            "settings": {
                                "sg_video_button_title": "PLAY VIDEO",
                                "sg_video_button_icon": {
                                    "value": "fas fa-play",
                                    "library": "fa-solid"
                                },
                                "sg_video_url": "https:\/\/www.youtube.com\/watch?v=MLpWrANjFbI",
                                "sg_video_loop": "",
                                "st_button_padding_responsive": {
                                    "unit": "px",
                                    "top": "0",
                                    "right": "0",
                                    "bottom": "0",
                                    "left": "5",
                                    "isLinked": ""
                                },
                                "st_button_line_height_responsive": {
                                    "unit": "px",
                                    "size": 58,
                                    "sizes": []
                                },
                                "st_button_normal_background_background_background": "classic",
                                "__globals__": {
                                    "st_button_normal_glow_color_responsive": "globals\/colors?id=primary",
                                    "st_button_normal_text_color_responsive": "",
                                    "st_button_normal_background_background_color": "",
                                    "st_button_hover_background_background_color": "globals\/colors?id=primary",
                                    "st_button_hover_text_color_responsive": "globals\/colors?id=4fa9897",
                                    "st_border_hover_border_border_color": "globals\/colors?id=primary",
                                    "st_button_hover_background_background_color_b": "globals\/colors?id=secondary"
                                },
                                "sg_video_player_control": "",
                                "_element_width": "auto",
                                "st_button_hover_background_background_background": "gradient",
                                "_animation_delay": "200",
                                "st_general_alignment_responsive": "",
                                "st_button_normal_text_color_responsive": "#FFFFFF",
                                "st_button_normal_glow_color_responsive": "#00FFC3",
                                "st_button_normal_background_background_color": "#FFFFFF00",
                                "st_button_hover_background_background_color": "#00FFC3",
                                "st_border_normal_border_border_border": "solid",
                                "st_border_normal_border_border_width": {
                                    "unit": "px",
                                    "top": "2",
                                    "right": "2",
                                    "bottom": "2",
                                    "left": "2",
                                    "isLinked": "1"
                                },
                                "st_border_normal_border_border_color": "#FFFFFF",
                                "st_border_hover_border_border_border": "solid",
                                "st_border_hover_border_border_width": {
                                    "unit": "px",
                                    "top": "0",
                                    "right": "0",
                                    "bottom": "0",
                                    "left": "0",
                                    "isLinked": "1"
                                },
                                "st_button_icon_size_responsive": {
                                    "unit": "px",
                                    "size": 17,
                                    "sizes": []
                                },
                                "st_button_hover_background_background_gradient_angle": {
                                    "unit": "deg",
                                    "size": 220,
                                    "sizes": []
                                },
                                "_margin_mobile": {
                                    "unit": "px",
                                    "top": "0",
                                    "right": "0",
                                    "bottom": "0",
                                    "left": "0",
                                    "isLinked": true
                                },
                                "_padding_mobile": {
                                    "unit": "px",
                                    "top": "0",
                                    "right": "0",
                                    "bottom": "30",
                                    "left": "0",
                                    "isLinked": ""
                                },
                                "_element_width_mobile": "auto",
                                "st_button_icon_size_responsive_tablet": {
                                    "unit": "px",
                                    "size": 20,
                                    "sizes": []
                                },
                                "st_button_line_height_responsive_tablet": {
                                    "unit": "px",
                                    "size": 60,
                                    "sizes": []
                                },
                                "_margin_tablet": {
                                    "unit": "px",
                                    "top": "0",
                                    "right": "0",
                                    "bottom": "30",
                                    "left": "0",
                                    "isLinked": false
                                },
                                "_animation": "fadeInUp"
                            },
                            "elements": [],
                            "isInner": false,
                            "widgetType": "jkit_video_button",
                            "elType": "widget"
                        },
                        {
                            "id": "53359967",
                            "settings": {
                                "sg_text_style": "none",
                                "sg_text_before": "Any ",
                                "sg_text_animated": "Question",
                                "sg_text_rotating_list": [
                                    {
                                        "sg_text_rotating_list_text": "dummy",
                                        "_id": "26c57be"
                                    },
                                    {
                                        "sg_text_rotating_list_text": "animated",
                                        "_id": "4370f20"
                                    },
                                    {
                                        "sg_text_rotating_list_text": "rotating",
                                        "_id": "58d2947"
                                    }
                                ],
                                "sg_text_after": " About Our Services?",
                                "sg_text_animated_color_style": "color",
                                "st_text_animated_normal_gradient_background_background": "gradient",
                                "st_text_animated_normal_gradient_background_gradient_angle": {
                                    "unit": "deg",
                                    "size": 190,
                                    "sizes": []
                                },
                                "_margin": {
                                    "unit": "px",
                                    "top": "20",
                                    "right": "250",
                                    "bottom": "10",
                                    "left": "250",
                                    "isLinked": false
                                },
                                "__globals__": {
                                    "st_text_normal_typography_content_typography_typography": "globals\/typography?id=primary",
                                    "st_text_normal_normal_color_responsive": "globals\/colors?id=4fa9897",
                                    "st_text_animated_typography_content_typography_typography": "globals\/typography?id=primary",
                                    "st_text_animated_normal_color_responsive": "globals\/colors?id=215c89d",
                                    "st_text_animated_normal_gradient_background_color": "globals\/colors?id=primary",
                                    "st_text_animated_normal_gradient_background_color_b": "globals\/colors?id=secondary"
                                },
                                "_margin_tablet": {
                                    "unit": "px",
                                    "top": "0",
                                    "right": "0",
                                    "bottom": "20",
                                    "left": "0",
                                    "isLinked": false
                                },
                                "_animation": "fadeInLeft"
                            },
                            "elements": [],
                            "isInner": false,
                            "widgetType": "jkit_animated_text",
                            "elType": "widget"
                        },
                        {
                            "id": "689c953c",
                            "settings": {
                                "editor": "<p>Lorem ipsum dolor sit amet, consectetur adipiscing elit, sed do eiusmod tempor incididunt ut labore et dolore magna aliqua.<\/p>",
                                "column_gap": {
                                    "unit": "%",
                                    "size": "",
                                    "sizes": []
                                },
                                "align": "center",
                                "_margin": {
                                    "unit": "px",
                                    "top": "0",
                                    "right": "0",
                                    "bottom": "20",
                                    "left": "0",
                                    "isLinked": false
                                },
                                "_padding": {
                                    "unit": "px",
                                    "top": "0",
                                    "right": "250",
                                    "bottom": "0",
                                    "left": "250",
                                    "isLinked": false
                                },
                                "__globals__": {
                                    "text_color": "globals\/colors?id=4fa9897"
                                },
                                "_padding_tablet": {
                                    "unit": "px",
                                    "top": "0",
                                    "right": "100",
                                    "bottom": "0",
                                    "left": "100",
                                    "isLinked": false
                                },
                                "_padding_mobile": {
                                    "unit": "px",
                                    "top": "0",
                                    "right": "0",
                                    "bottom": "0",
                                    "left": "0",
                                    "isLinked": false
                                },
                                "_animation": "fadeInRight"
                            },
                            "elements": [],
                            "isInner": false,
                            "widgetType": "text-editor",
                            "elType": "widget"
                        },
                        {
                            "id": "68f292a3",
                            "settings": {
                                "sg_content_label": "GET IN TOUCH",
                                "sg_content_icon_enable": "yes",
                                "st_button_padding_responsive": {
                                    "unit": "px",
                                    "top": "15",
                                    "right": "35",
                                    "bottom": "15",
                                    "left": "35",
                                    "isLinked": ""
                                },
                                "st_button_normal_background_background_background": "gradient",
                                "st_border_normal_border_border_width": {
                                    "unit": "px",
                                    "top": "0",
                                    "right": "0",
                                    "bottom": "0",
                                    "left": "0",
                                    "isLinked": "1"
                                },
                                "st_border_normal_border_border_color": "#111D5E",
                                "st_border_hover_border_border_width": {
                                    "unit": "px",
                                    "top": "0",
                                    "right": "0",
                                    "bottom": "0",
                                    "left": "0",
                                    "isLinked": "1"
                                },
                                "st_border_hover_border_border_color": "#FFFFFF",
                                "__globals__": {
                                    "st_button_typography_content_typography_typography": "globals\/typography?id=8b7a754",
                                    "st_button_normal_background_background_color": "globals\/colors?id=primary",
                                    "st_border_normal_border_border_color": "globals\/colors?id=primary",
                                    "st_button_normal_color_responsive": "globals\/colors?id=4fa9897",
                                    "st_button_hover_color_responsive": "globals\/colors?id=4fa9897",
                                    "st_button_hover_background_background_color": "globals\/colors?id=primary",
                                    "st_button_normal_background_background_color_b": "globals\/colors?id=secondary",
                                    "st_button_hover_background_background_color_b": "globals\/colors?id=primary"
                                },
                                "st_button_hover_background_background_background": "gradient",
                                "st_button_normal_background_background_gradient_angle": {
                                    "unit": "deg",
                                    "size": 210,
                                    "sizes": []
                                },
                                "st_button_normal_color_responsive": "#FFFFFF",
                                "st_button_hover_color_responsive": "#54595F",
                                "st_border_normal_border_radius_responsive": {
                                    "unit": "px",
                                    "top": "6",
                                    "right": "6",
                                    "bottom": "6",
                                    "left": "6",
                                    "isLinked": true
                                },
                                "_animation": "fadeInUp"
                            },
                            "elements": [],
                            "isInner": false,
                            "widgetType": "jkit_button",
                            "elType": "widget"
                        }
                    ],
                    "isInner": false,
                    "elType": "column"
                }
            ],
            "isInner": false,
            "elType": "section"
        },
        {
            "id": "7dcb7cca",
            "settings": {
                "padding": {
                    "unit": "px",
                    "top": "100",
                    "right": "0",
                    "bottom": "0",
                    "left": "0",
                    "isLinked": ""
                },
                "__globals__": {
                    "background_color": ""
                },
                "content_width": {
                    "unit": "px",
                    "size": "1140",
                    "sizes": []
                },
                "margin_tablet": {
                    "unit": "px",
                    "top": "0",
                    "right": "0",
                    "bottom": "0",
                    "left": "0",
                    "isLinked": ""
                },
                "padding_tablet": {
                    "unit": "px",
                    "top": "50",
                    "right": "20",
                    "bottom": "50",
                    "left": "20",
                    "isLinked": ""
                },
                "margin_mobile": {
                    "unit": "px",
                    "top": "0",
                    "right": "0",
                    "bottom": "0",
                    "left": "0",
                    "isLinked": ""
                },
                "padding_mobile": {
                    "unit": "px",
                    "top": "50",
                    "right": "0",
                    "bottom": "50",
                    "left": "0",
                    "isLinked": ""
                }
            },
            "elements": [
                {
                    "id": "5567e645",
                    "settings": {
                        "_column_size": "100",
                        "_inline_size_mobile": "100",
                        "margin_mobile": {
                            "unit": "px",
                            "top": "0",
                            "right": "0",
                            "bottom": "0",
                            "left": "0",
                            "isLinked": ""
                        },
                        "padding_mobile": {
                            "unit": "px",
                            "top": "0",
                            "right": "10",
                            "bottom": "0",
                            "left": "10",
                            "isLinked": ""
                        }
                    },
                    "elements": [
                        {
                            "id": "666902c8",
                            "settings": {
                                "sg_title_before": "Latest Blog & Articles",
                                "sg_title_focused": "",
                                "sg_subtitle_heading": "Our Blog",
                                "sg_shadow_content": "news",
                                "sg_separator_enable": "",
                                "__globals__": {
                                    "st_title_typography_content_typography_typography": "globals\/typography?id=primary",
                                    "st_title_color_responsive": "globals\/colors?id=8aab09d",
                                    "st_subtitle_color_responsive": "globals\/colors?id=primary",
                                    "st_description_color_responsive": "globals\/colors?id=text",
                                    "st_description_typography_content_typography_typography": "globals\/typography?id=text",
                                    "st_subtitle_typography_content_typography_typography": "globals\/typography?id=26a8789",
                                    "st_description_color_responsive_mobile": "globals\/colors?id=text"
                                },
                                "st_title_margin_responsive": {
                                    "unit": "px",
                                    "top": "0",
                                    "right": "0",
                                    "bottom": "20",
                                    "left": "0",
                                    "isLinked": ""
                                },
                                "sg_subtitle_enable": "yes",
                                "sg_subtitle_position": "before",
                                "sg_description_enable": "yes",
                                "sg_description": "<p>Lorem ipsum dolor sit amet, consectetur adipiscing elit, sed do eiusmod tempor incididunt ut labore et dolore magna aliqua.<\/p>",
                                "sg_description_max_width_responsive": {
                                    "unit": "%",
                                    "size": "60",
                                    "sizes": []
                                },
                                "st_general_alignment_responsive": "center",
                                "st_description_margin_responsive": {
                                    "unit": "px",
                                    "top": "0",
                                    "right": "0",
                                    "bottom": "0",
                                    "left": "0",
                                    "isLinked": ""
                                },
                                "_animation": "fadeIn",
                                "sg_description_max_width_responsive_mobile": {
                                    "unit": "%",
                                    "size": "100",
                                    "sizes": []
                                },
                                "_margin_mobile": {
                                    "unit": "px",
                                    "top": "0",
                                    "right": "0",
                                    "bottom": "0",
                                    "left": "0",
                                    "isLinked": ""
                                },
                                "_padding_mobile": {
                                    "unit": "px",
                                    "top": "0",
                                    "right": "0",
                                    "bottom": "0",
                                    "left": "0",
                                    "isLinked": ""
                                },
                                "_margin": {
                                    "unit": "px",
                                    "top": "0",
                                    "right": "0",
                                    "bottom": "20",
                                    "left": "0",
                                    "isLinked": false
                                },
                                "sg_description_max_width_responsive_tablet": {
                                    "unit": "%",
                                    "size": 63,
                                    "sizes": []
                                }
                            },
                            "elements": [],
                            "isInner": false,
                            "widgetType": "jkit_heading",
                            "elType": "widget"
                        },
                        {
                            "id": "1fdc7138",
                            "settings": {
                                "sg_content_postblock_type": "type-3",
                                "sg_content_image_size_imagesize_size": "large",
                                "sg_content_excerpt_more": "...",
                                "sg_content_readmore_text": "Read More",
                                "sg_content_comment_enable": "",
                                "sg_content_meta_author_by_text": "by",
                                "sg_content_meta_date_format_custom": "F j, Y",
                                "pagination_loadmore_text": "Load More",
                                "pagination_loading_text": "Loading...",
                                "st_post_item_background_background_color": "#FFFFFF",
                                "st_post_item_boxshadow_box_shadow_box_shadow": {
                                    "horizontal": "0",
                                    "vertical": "0",
                                    "blur": "30",
                                    "spread": "0",
                                    "color": "rgba(0, 0, 0, 0.1)"
                                },
                                "st_thumbnail_container_height_responsive": {
                                    "unit": "px",
                                    "size": "400",
                                    "sizes": []
                                },
                                "st_content_padding_responsive": {
                                    "unit": "px",
                                    "top": "30",
                                    "right": "0",
                                    "bottom": "30",
                                    "left": "0",
                                    "isLinked": ""
                                },
                                "st_readmore_padding_responsive": {
                                    "unit": "px",
                                    "top": "0",
                                    "right": "0",
                                    "bottom": "0",
                                    "left": "0",
                                    "isLinked": ""
                                },
                                "st_readmore_margin_responsive": {
                                    "unit": "px",
                                    "top": "0",
                                    "right": "0",
                                    "bottom": "0",
                                    "left": "0",
                                    "isLinked": ""
                                },
                                "st_readmore_icon_spacing_responsive": {
                                    "unit": "px",
                                    "size": "10",
                                    "sizes": []
                                },
                                "st_readmore_normal_background_background_background": "classic",
                                "st_nocontent_text": "No Content Available",
                                "__globals__": {
                                    "st_post_item_background_background_color": "",
                                    "st_category_typography_content_typography_typography": "globals\/typography?id=48225ee",
                                    "st_category_color_responsive": "globals\/colors?id=4fa9897",
                                    "st_title_normal_typography_content_typography_typography": "globals\/typography?id=accent",
                                    "st_title_normal_color_responsive": "globals\/colors?id=8aab09d",
                                    "st_excerpt_typography_content_typography_typography": "globals\/typography?id=text",
                                    "st_excerpt_color_responsive": "globals\/colors?id=text",
                                    "st_readmore_typography_content_typography_typography": "globals\/typography?id=48225ee",
                                    "st_readmore_normal_background_background_color": "",
                                    "st_readmore_normal_color_responsive": "globals\/colors?id=primary",
                                    "st_readmore_hover_color_responsive": "globals\/colors?id=5a05d5d",
                                    "st_category_background_background_color": "globals\/colors?id=primary",
                                    "st_category_background_background_color_b": "globals\/colors?id=secondary",
                                    "st_thumbnail_container_background_background_color": "",
                                    "st_title_hover_color_responsive": "globals\/colors?id=primary",
                                    "st_title_hover_typography_content_typography_typography": "",
                                    "st_readmore_hover_background_background_color": "",
                                    "st_meta_typography_content_typography_typography": "globals\/typography?id=48225ee"
                                },
                                "st_readmore_normal_background_background_color": "#FFFFFF00",
                                "sg_content_readmore_icon": {
                                    "value": "jki jki-arrow-right-solid",
                                    "library": "jkiticon"
                                },
                                "st_readmore_icon_size_responsive": {
                                    "unit": "px",
                                    "size": "16",
                                    "sizes": []
                                },
                                "_animation": "fadeInUp",
                                "st_readmore_hover_color_responsive": "#DA22FF",
                                "st_post_item_gap_responsive": {
                                    "unit": "px",
                                    "size": "30",
                                    "sizes": []
                                },
                                "_margin_tablet": {
                                    "unit": "px",
                                    "top": "0",
                                    "right": "0",
                                    "bottom": "0",
                                    "left": "0",
                                    "isLinked": ""
                                },
                                "_padding_tablet": {
                                    "unit": "px",
                                    "top": "0",
                                    "right": "0",
                                    "bottom": "0",
                                    "left": "0",
                                    "isLinked": ""
                                },
                                "_margin_mobile": {
                                    "unit": "px",
                                    "top": "0",
                                    "right": "0",
                                    "bottom": "0",
                                    "left": "0",
                                    "isLinked": ""
                                },
                                "_padding_mobile": {
                                    "unit": "px",
                                    "top": "0",
                                    "right": "0",
                                    "bottom": "0",
                                    "left": "0",
                                    "isLinked": ""
                                },
                                "st_post_item_border_radius_responsive": {
                                    "unit": "px",
                                    "top": "5",
                                    "right": "5",
                                    "bottom": "5",
                                    "left": "5",
                                    "isLinked": "1"
                                },
                                "st_thumbnail_border_radius_responsive": {
                                    "unit": "px",
                                    "top": "5",
                                    "right": "5",
                                    "bottom": "5",
                                    "left": "5",
                                    "isLinked": "1"
                                },
                                "st_category_position": "left",
                                "st_category_background_background_background": "gradient",
                                "st_category_background_background_color_stop": {
                                    "unit": "%",
                                    "size": "20",
                                    "sizes": []
                                },
                                "st_category_background_background_color_b_stop": {
                                    "unit": "%",
                                    "size": "70",
                                    "sizes": []
                                },
                                "st_category_background_background_gradient_angle": {
                                    "unit": "deg",
                                    "size": "200",
                                    "sizes": []
                                },
                                "st_category_padding_responsive": {
                                    "unit": "px",
                                    "top": "10",
                                    "right": "15",
                                    "bottom": "10",
                                    "left": "15",
                                    "isLinked": ""
                                },
                                "st_category_border_radius_responsive": {
                                    "unit": "px",
                                    "top": "0",
                                    "right": "6",
                                    "bottom": "0",
                                    "left": "6",
                                    "isLinked": false
                                },
                                "st_title_margin_responsive": {
                                    "unit": "px",
                                    "top": "-20",
                                    "right": "0",
                                    "bottom": "10",
                                    "left": "0",
                                    "isLinked": ""
                                },
                                "sg_content_column_responsive": {
                                    "unit": "px",
                                    "size": "3",
                                    "sizes": []
                                },
                                "sg_content_meta_author_enable": "",
                                "sg_content_meta_date_icon": {
                                    "value": "",
                                    "library": ""
                                },
                                "st_thumbnail_container_border_radius_responsive": {
                                    "unit": "px",
                                    "top": "6",
                                    "right": "6",
                                    "bottom": "6",
                                    "left": "6",
                                    "isLinked": true
                                },
                                "st_category_color_responsive": "#FFFFFF",
                                "st_category_background_background_color": "#DA22FF",
                                "st_category_background_background_color_b": "#9733EE",
                                "st_title_normal_color_responsive": "#000000",
                                "st_title_hover_typography_content_typography_font_family": "Inter",
                                "st_title_hover_typography_content_typography_font_size": {
                                    "unit": "px",
                                    "size": 28,
                                    "sizes": []
                                },
                                "st_title_hover_typography_content_typography_font_weight": "500",
                                "st_title_hover_typography_content_typography_line_height": {
                                    "unit": "em",
                                    "size": 1.3,
                                    "sizes": []
                                },
                                "st_title_hover_color_responsive": "#9733EE",
                                "st_excerpt_color_responsive": "#8D8D8D",
                                "st_readmore_normal_color_responsive": "#9733EE"
                            },
                            "elements": [],
                            "isInner": false,
                            "widgetType": "jkit_post_block",
                            "elType": "widget"
                        }
                    ],
                    "isInner": "",
                    "elType": "column"
                }
            ],
            "isInner": "",
            "elType": "section"
        }
    ]
}